{"cameraMode":{"drawMode":0,"name":"Shaded","section":"Shading Mode"},"sceneLighting":true,"audioPlay":false,"sceneViewState":{"showFog":true,"showMaterialUpdate":false,"showSkybox":true,"showFlares":true,"showImageEffects":true,"showParticleSystems":true},"in2DMode":false,"pivot":{"x":27.921180725097658,"y":9.478508949279786,"z":-18.987640380859376},"rotation":{"x":0.035314347594976428,"y":0.9563084244728088,"z":-0.1301930695772171,"w":0.25937792658805849},"size":3.264167070388794,"orthographic":false}